{"cameraMode":{"drawMode":0,"name":"Shaded","section":"Shading Mode"},"sceneLighting":true,"audioPlay":false,"sceneViewState":{"showFog":true,"showMaterialUpdate":false,"showSkybox":true,"showFlares":true,"showImageEffects":true,"showParticleSystems":true},"in2DMode":false,"pivot":{"x":5.011325836181641,"y":14.595293045043946,"z":-19.01233673095703},"rotation":{"x":0.10456304252147675,"y":0.894555389881134,"z":-0.3275524377822876,"w":0.28556475043296816},"size":24.169904708862306,"orthographic":false}