{"cameraMode":{"drawMode":0,"name":"Shaded","section":"Shading Mode"},"sceneLighting":true,"audioPlay":false,"sceneViewState":{"showFog":true,"showMaterialUpdate":false,"showSkybox":true,"showFlares":true,"showImageEffects":true,"showParticleSystems":true},"in2DMode":false,"pivot":{"x":25.711841583251954,"y":46.73296356201172,"z":13.629179000854493},"rotation":{"x":-0.00436835503205657,"y":-0.5871937870979309,"z":0.003170969430357218,"w":-0.8094373345375061},"size":5.989582061767578,"orthographic":false}