{"cameraMode":{"drawMode":0,"name":"Shaded","section":"Shading Mode"},"sceneLighting":false,"audioPlay":false,"sceneViewState":{"showFog":true,"showMaterialUpdate":false,"showSkybox":false,"showFlares":true,"showImageEffects":true,"showParticleSystems":true},"in2DMode":false,"pivot":{"x":-15.024351119995118,"y":3.384509563446045,"z":-5.675658226013184},"rotation":{"x":-0.10308411717414856,"y":-0.4441027343273163,"z":-0.05152308940887451,"w":0.8885332942008972},"size":3.0345582962036135,"orthographic":false}