{"cameraMode":{"drawMode":0,"name":"Shaded","section":"Shading Mode"},"sceneLighting":false,"audioPlay":false,"sceneViewState":{"showFog":true,"showMaterialUpdate":false,"showSkybox":false,"showFlares":true,"showImageEffects":true,"showParticleSystems":true},"in2DMode":false,"pivot":{"x":-3.5382328033447267,"y":-7.6437788009643559,"z":1.8321237564086915},"rotation":{"x":0.024327723309397699,"y":-0.9077660441398621,"z":0.05316498875617981,"w":0.4153847396373749},"size":9.926804542541504,"orthographic":false}