{"cameraMode":{"drawMode":0,"name":"Shaded","section":"Shading Mode"},"sceneLighting":false,"audioPlay":false,"sceneViewState":{"showFog":true,"showMaterialUpdate":false,"showSkybox":false,"showFlares":true,"showImageEffects":true,"showParticleSystems":true},"in2DMode":false,"pivot":{"x":-8.583612442016602,"y":0.7370935678482056,"z":-3.458911418914795},"rotation":{"x":0.3587598502635956,"y":0.05036986246705055,"z":-0.019391898065805436,"w":0.9318684339523315},"size":0.9345584511756897,"orthographic":false}