{"cameraMode":{"drawMode":0,"name":"Shaded","section":"Shading Mode"},"sceneLighting":false,"audioPlay":false,"sceneViewState":{"showFog":true,"showMaterialUpdate":false,"showSkybox":false,"showFlares":true,"showImageEffects":true,"showParticleSystems":true},"in2DMode":false,"pivot":{"x":-45.206974029541019,"y":-6.898030757904053,"z":-94.35376739501953},"rotation":{"x":0.13657833635807038,"y":-0.40128377079963686,"z":0.06064798682928085,"w":0.9036825299263},"size":0.6050453186035156,"orthographic":false}