{"cameraMode":{"drawMode":0,"name":"Shaded","section":"Shading Mode"},"sceneLighting":false,"audioPlay":false,"sceneViewState":{"showFog":true,"showMaterialUpdate":false,"showSkybox":false,"showFlares":true,"showImageEffects":true,"showParticleSystems":true},"in2DMode":false,"pivot":{"x":0.014836132526397705,"y":0.0002437382936477661,"z":0.00021250545978546143},"rotation":{"x":0.25430479645729067,"y":0.07851967215538025,"z":-0.02072015218436718,"w":0.9637106657028198},"size":0.45773839950561526,"orthographic":true}