{"cameraMode":{"drawMode":0,"name":"Shaded","section":"Shading Mode"},"sceneLighting":false,"audioPlay":false,"sceneViewState":{"showFog":true,"showMaterialUpdate":false,"showSkybox":false,"showFlares":true,"showImageEffects":true,"showParticleSystems":true},"in2DMode":false,"pivot":{"x":0.02587890625,"y":1.6526552438735963,"z":1.052770972251892},"rotation":{"x":-0.00010242209100397304,"y":0.999896228313446,"z":0.008999417535960675,"w":0.01139734499156475},"size":0.8646944165229797,"orthographic":true}