{"cameraMode":{"drawMode":0,"name":"Shaded","section":"Shading Mode"},"sceneLighting":true,"audioPlay":false,"sceneViewState":{"showFog":true,"showMaterialUpdate":false,"showSkybox":false,"showFlares":true,"showImageEffects":true,"showParticleSystems":true},"in2DMode":false,"pivot":{"x":-0.19076400995254517,"y":0.21903085708618165,"z":0.2548065185546875},"rotation":{"x":-0.3149031400680542,"y":0.14501851797103883,"z":-0.04875222593545914,"w":-0.9367120862007141},"size":1.151402235031128,"orthographic":false}