{"cameraMode":{"drawMode":0,"name":"Shaded","section":"Shading Mode"},"sceneLighting":false,"audioPlay":false,"sceneViewState":{"showFog":true,"showMaterialUpdate":false,"showSkybox":false,"showFlares":true,"showImageEffects":true,"showParticleSystems":true},"in2DMode":false,"pivot":{"x":-4.142712116241455,"y":-6.025136470794678,"z":-6.682008266448975},"rotation":{"x":0.40576469898223879,"y":0.5942332744598389,"z":-0.48984119296073916,"w":0.49223923683166506},"size":0.9576922655105591,"orthographic":false}