{"cameraMode":{"drawMode":0,"name":"Shaded","section":"Shading Mode"},"sceneLighting":true,"audioPlay":false,"sceneViewState":{"showFog":true,"showMaterialUpdate":false,"showSkybox":false,"showFlares":true,"showImageEffects":true,"showParticleSystems":true},"in2DMode":false,"pivot":{"x":0.0,"y":0.08583343029022217,"z":0.12773698568344117},"rotation":{"x":-0.04453269764780998,"y":0.9464094042778015,"z":-0.14884935319423676,"w":-0.2831460237503052},"size":0.3642675578594208,"orthographic":false}