{"cameraMode":{"drawMode":0,"name":"Shaded","section":"Shading Mode"},"sceneLighting":false,"audioPlay":false,"sceneViewState":{"showFog":true,"showMaterialUpdate":false,"showSkybox":true,"showFlares":true,"showImageEffects":true,"showParticleSystems":true},"in2DMode":false,"pivot":{"x":1.629769206047058,"y":1.6802318096160889,"z":0.032541751861572269},"rotation":{"x":0.011736446060240269,"y":0.9877188801765442,"z":-0.12542612850666047,"w":0.09242334216833115},"size":9.206247329711914,"orthographic":false}