{"cameraMode":{"drawMode":0,"name":"Shaded","section":"Shading Mode"},"sceneLighting":false,"audioPlay":false,"sceneViewState":{"showFog":true,"showMaterialUpdate":false,"showSkybox":true,"showFlares":true,"showImageEffects":true,"showParticleSystems":true},"in2DMode":false,"pivot":{"x":0.3865867853164673,"y":-0.1509253978729248,"z":0.3078627586364746},"rotation":{"x":0.4729888439178467,"y":-0.025103846564888955,"z":0.013483759015798569,"w":0.8806074857711792},"size":2.616063117980957,"orthographic":false}