{"cameraMode":{"drawMode":0,"name":"Shaded","section":"Shading Mode"},"sceneLighting":false,"audioPlay":false,"sceneViewState":{"showFog":true,"showMaterialUpdate":false,"showSkybox":true,"showFlares":true,"showImageEffects":true,"showParticleSystems":true},"in2DMode":false,"pivot":{"x":0.0,"y":0.08326143771409989,"z":1.862645149230957e-8},"rotation":{"x":0.26670148968696597,"y":-0.014456022530794144,"z":0.004000823479145765,"w":0.9636625051498413},"size":0.4221179783344269,"orthographic":true}