{"cameraMode":{"drawMode":0,"name":"Shaded","section":"Shading Mode"},"sceneLighting":false,"audioPlay":false,"sceneViewState":{"showFog":true,"showMaterialUpdate":false,"showSkybox":true,"showFlares":true,"showImageEffects":true,"showParticleSystems":true},"in2DMode":false,"pivot":{"x":-1.715620756149292,"y":-2.3454084396362306,"z":-0.9723424911499023},"rotation":{"x":-0.22855143249034882,"y":-0.05749835446476936,"z":0.013523535802960396,"w":-0.971738338470459},"size":8.638351440429688,"orthographic":false}