{"cameraMode":{"drawMode":0,"name":"Shaded","section":"Shading Mode"},"sceneLighting":false,"audioPlay":false,"sceneViewState":{"showFog":true,"showMaterialUpdate":false,"showSkybox":true,"showFlares":true,"showImageEffects":true,"showParticleSystems":true},"in2DMode":false,"pivot":{"x":-0.5350407361984253,"y":-0.401214599609375,"z":1.1200802326202393},"rotation":{"x":-0.14880070090293885,"y":0.09123080968856812,"z":-0.01378819439560175,"w":-0.9845532774925232},"size":3.7322328090667726,"orthographic":false}